{
    "name": "KibHot40",
    "vendorId": "0xD772",
    "productId": "0x0003",
    "lighting": "qmk_rgblight",
    "matrix": {
      "rows": 4,
      "cols": 13
    },
    "layouts": {
      "keymap": [
        [
          "0,0\n\n\n\n\n\n\n\n\ne",
          "0,1\n\n\n\n\n\n\n\n\ne"
        ],
        [
          {
            "y": 0.25
          },
          "0,0",
          "0,1",
          "0,2",
          "0,3",
          "0,4",
          "0,5",
          "0,6",
          "0,7",
          "0,8",
          "0,9",
          "0,10",
          "0,11",
          "0,12"
        ],
        [
          {
            "w": 1.25
          },
          "1,0",
          "1,1",
          "1,2",
          "1,3",
          "1,4",
          "1,5",
          "1,6",
          "1,7",
          "1,8",
          "1,9",
          "1,10",
          {
            "w": 1.75
          },
          "1,11"
        ],
        [
          {
            "w": 1.75
          },
          "2,0",
          "2,1",
          "2,2",
          "2,3",
          "2,4",
          "2,5",
          "2,6",
          "2,7",
          "2,8",
          "2,9",
          "2,10",
          {
            "w": 1.25
          },
          "2,11"
        ],
        [
          {
            "x": 1,
            "w": 1.25
          },
          "3,0",
          {
            "w": 1.25
          },
          "3,1",
          {
            "w": 2.75
          },
          "3,3",
          "3,5",
          {
            "w": 2.25
          },
          "3,7",
          {
            "w": 1.25
          },
          "3,8",
          {
            "w": 1.25
          },
          "3,10"
        ]
      ]
    }
  }
